threads,run,sa_fit,drstasa_fit,wall_time,sa_time,drstasa_time,critical_time
1,0,8000034905454.150391,2000036336357.256104,308.100906,262.904288,44.548875,0.000025
2,0,4000037960547.590820,2000036198336.267822,151.710842,251.277048,44.658224,0.000027
3,0,5000040833426.230469,2000036119741.929688,124.781270,268.596848,45.693882,0.000038
4,0,3000044169272.778320,2000035840592.066650,105.432419,294.809984,49.469707,0.000035
